event_id,time,Q,P_mm
1,2024-10-16 05:19:00,0.0,1.0
1,2024-10-16 05:24:00,0.0,1.0
1,2024-10-16 05:29:38,0.0,3.0
1,2024-10-16 05:34:58,0.0,3.0
1,2024-10-16 05:39:53,0.0,4.0
1,2024-10-16 05:44:55,0.0,3.5
1,2024-10-16 05:49:49,0.0,3.5
1,2024-10-16 05:54:27,0.0,4.5
1,2024-10-16 05:59:37,0.0,4.0
1,2024-10-16 06:04:00,0.0,2.0
1,2024-10-16 06:09:48,0.0,1.5
1,2024-10-16 06:14:48,0.0,7.0
1,2024-10-16 06:19:36,1.8494110282592306,7.5
1,2024-10-16 06:24:50,0.0,5.0
1,2024-10-16 06:29:42,0.20711039356898353,6.5
1,2024-10-16 06:34:00,0.0,3.5
1,2024-10-16 06:39:00,0.0,1.0
1,2024-10-16 06:44:00,0.0,1.0
1,2024-10-16 06:49:00,0.0,0.5
1,2024-10-16 06:54:00,0.0,0.5
1,2024-10-16 06:59:02,0.0,0.5
1,2024-10-16 07:04:00,0.0,0.0
1,2024-10-16 07:09:00,0.0,0.0
1,2024-10-16 07:14:59,0.0,2.0
1,2024-10-16 07:19:05,0.0,4.0
1,2024-10-16 07:24:32,0.0,4.5
1,2024-10-16 07:29:00,0.0,1.5
1,2024-10-16 07:34:00,0.0,1.5
1,2024-10-16 07:39:19,0.0,3.5
1,2024-10-16 07:44:22,0.0,3.0
1,2024-10-16 07:49:57,1.4626496498912545,6.0
1,2024-10-16 07:54:43,0.0,4.5
1,2024-10-16 07:59:34,0.0,4.5
1,2024-10-16 08:04:31,0.0,4.0
1,2024-10-16 08:09:51,0.0,3.5
1,2024-10-16 08:14:27,1.7562441168755816,5.5
1,2024-10-16 08:19:43,0.0,1.0
1,2024-10-16 08:24:44,0.0,2.0
1,2024-10-16 08:29:00,0.0,2.5
1,2024-10-16 08:34:00,0.0,1.5
1,2024-10-16 08:39:00,0.0,1.0
1,2024-10-16 08:44:00,0.0,1.5
1,2024-10-16 08:49:04,0.0,1.0
1,2024-10-16 08:54:04,0.0,1.0
1,2024-10-16 08:59:00,0.0,1.5
1,2024-10-16 09:04:00,0.0,0.0
1,2024-10-16 09:09:31,0.0,0.5
1,2024-10-16 09:14:00,0.0,0.0
1,2024-10-16 09:19:00,0.0,0.5
1,2024-10-16 09:24:00,0.0,1.0
1,2024-10-16 09:29:42,0.0,2.0
1,2024-10-16 09:34:48,0.0,3.0
1,2024-10-16 09:39:36,0.0,3.0
1,2024-10-16 09:44:13,0.0,2.0
1,2024-10-16 09:49:42,0.0,3.0
1,2024-10-16 09:54:00,0.0,3.5
1,2024-10-16 09:59:42,0.0,1.5
1,2024-10-16 10:04:30,0.0,0.5
1,2024-10-16 10:09:00,0.0,0.5
1,2024-10-16 10:14:00,0.0,0.5
1,2024-10-16 10:19:53,0.0,1.0
1,2024-10-16 10:24:00,0.0,0.0
1,2024-10-16 10:29:59,0.0,1.5
1,2024-10-16 10:34:00,0.0,0.0
1,2024-10-16 10:39:00,0.0,0.5
1,2024-10-16 10:44:00,0.0,0.0
1,2024-10-16 10:49:17,0.0,0.5
1,2024-10-16 10:54:00,0.0,0.0
1,2024-10-16 10:59:00,0.0,0.5
1,2024-10-16 11:04:00,0.0,0.5
1,2024-10-16 11:09:49,0.0,0.5
1,2024-10-16 11:14:00,0.0,0.5
2,2024-10-16 18:19:00,0.0,1.0
2,2024-10-16 18:24:28,0.0,1.0
2,2024-10-16 18:29:00,0.0,2.0
2,2024-10-16 18:34:37,0.0,0.5
2,2024-10-16 18:39:23,0.0,1.0
2,2024-10-16 18:44:14,0.0,2.0
2,2024-10-16 18:49:00,0.0,0.5
2,2024-10-16 18:54:02,0.0,1.0
2,2024-10-16 18:59:00,0.0,1.0
2,2024-10-16 19:04:58,0.0,2.0
2,2024-10-16 19:09:00,0.0,0.5
2,2024-10-16 19:14:46,0.0,1.5
2,2024-10-16 19:19:55,2.4546563053060955,3.5
2,2024-10-16 19:24:57,1.2528282451767323,3.0
2,2024-10-16 19:29:00,0.0,0.5
2,2024-10-16 19:34:00,0.0,1.5
2,2024-10-16 19:39:00,0.0,1.0
2,2024-10-16 19:44:21,0.0,1.0
2,2024-10-16 19:49:55,0.0,1.0
2,2024-10-16 19:54:00,0.0,0.0
2,2024-10-16 19:59:00,0.0,0.0
2,2024-10-16 20:04:19,0.0,0.5
2,2024-10-16 20:09:00,0.0,0.0
2,2024-10-16 20:14:06,0.0,0.5
2,2024-10-16 20:19:00,0.0,0.0
2,2024-10-16 20:24:00,0.0,0.5
2,2024-10-16 20:29:15,0.0,1.0
2,2024-10-16 20:34:14,0.0,1.0
2,2024-10-16 20:39:39,0.0,2.0
2,2024-10-16 20:44:55,1.9561982454814697,3.0
2,2024-10-16 20:49:56,8.731139640982192,5.5
2,2024-10-16 20:54:00,0.8365117368360394,2.5
2,2024-10-16 20:59:35,0.0,1.5
2,2024-10-16 21:04:00,0.0,0.5
2,2024-10-16 21:09:21,0.0,2.0
2,2024-10-16 21:14:53,3.8976305203938986,3.5
2,2024-10-16 21:19:10,0.0,1.0
2,2024-10-16 21:24:50,0.07991040227835662,2.0
2,2024-10-16 21:29:43,9.500939319542915,5.5
2,2024-10-16 21:34:00,0.0,1.5
2,2024-10-16 21:39:36,0.0,1.5
2,2024-10-16 21:44:30,0.0,1.5
2,2024-10-16 21:49:00,0.0,1.5
2,2024-10-16 21:54:00,0.0,1.5
2,2024-10-16 21:59:58,0.0,1.5
2,2024-10-16 22:04:00,0.0,1.0
2,2024-10-16 22:09:00,0.0,0.5
2,2024-10-16 22:14:49,0.8662474991405118,2.0
2,2024-10-16 22:19:15,2.2682721037277447,2.5
2,2024-10-16 22:24:00,0.0,1.5
2,2024-10-16 22:29:42,0.0,1.0
2,2024-10-16 22:34:00,0.0,1.0
2,2024-10-16 22:39:00,0.0,1.0
2,2024-10-16 22:44:00,0.0,1.0
2,2024-10-16 22:49:48,2.648737796501099,2.5
2,2024-10-16 22:54:00,0.0,1.0
2,2024-10-16 22:59:00,0.0,0.5
2,2024-10-16 23:04:00,0.0,1.0
2,2024-10-16 23:09:39,0.0,1.0
2,2024-10-16 23:14:00,0.0,1.0
2,2024-10-16 23:19:40,2.9514581823920634,2.5
2,2024-10-16 23:24:36,1.6701352041300632,2.0
2,2024-10-16 23:29:05,1.72104914594314,2.0
2,2024-10-16 23:34:47,3.104230604207392,2.5
2,2024-10-16 23:39:00,0.4863757821638541,1.5
2,2024-10-16 23:44:39,3.200846533666035,2.5
2,2024-10-16 23:49:46,4.581003738166427,3.0
2,2024-10-16 23:54:42,8.6268740070596,4.5
2,2024-10-16 23:59:48,3.338483054818172,2.5
2,2024-10-17 00:04:00,0.0,0.0
2,2024-10-17 00:09:00,0.0,0.5
2,2024-10-17 00:14:00,0.0,0.0
2,2024-10-17 00:19:00,0.0,0.5
2,2024-10-17 00:24:00,0.0,0.5
2,2024-10-17 00:29:00,0.0,1.0
2,2024-10-17 00:34:00,0.0,0.5
2,2024-10-17 00:39:00,0.0,0.0
2,2024-10-17 00:44:00,0.0,1.0
2,2024-10-17 00:49:32,1.0808451986916712,1.5
2,2024-10-17 00:54:00,0.0,0.5
2,2024-10-17 00:59:00,0.0,0.0
2,2024-10-17 01:04:00,0.0,0.0
2,2024-10-17 01:09:00,0.0,0.5
2,2024-10-17 01:14:00,0.0,0.0
2,2024-10-17 01:19:00,0.0,0.0
2,2024-10-17 01:24:00,0.0,0.0
2,2024-10-17 01:29:00,0.0,0.0
2,2024-10-17 01:34:00,0.0,0.0
2,2024-10-17 01:39:00,0.0,0.0
2,2024-10-17 01:44:00,0.0,0.0
2,2024-10-17 01:49:00,0.0,0.0
2,2024-10-17 01:54:00,0.0,0.5
2,2024-10-17 01:59:00,0.0,0.0
2,2024-10-17 02:04:00,0.0,0.0
2,2024-10-17 02:09:00,0.0,0.0
2,2024-10-17 02:14:00,0.0,0.5
2,2024-10-17 02:19:00,0.0,0.0
2,2024-10-17 02:24:00,0.0,0.0
2,2024-10-17 02:29:00,0.0,0.0
2,2024-10-17 02:34:00,0.0,0.0
2,2024-10-17 02:39:00,0.0,0.0
2,2024-10-17 02:44:00,0.0,0.0
2,2024-10-17 02:49:00,0.0,0.0
2,2024-10-17 02:54:00,0.0,0.0
2,2024-10-17 02:59:00,0.0,0.0
3,2024-10-17 03:14:00,0.0,0.0
3,2024-10-17 03:19:00,0.0,0.0
3,2024-10-17 03:24:00,0.0,0.0
3,2024-10-17 03:29:00,0.0,0.0
3,2024-10-17 03:34:00,0.0,0.0
3,2024-10-17 03:39:00,0.0,0.0
3,2024-10-17 03:44:00,0.0,0.0
3,2024-10-17 03:49:00,0.0,0.0
3,2024-10-17 03:54:00,0.0,0.0
3,2024-10-17 03:59:18,0.0,0.5
3,2024-10-17 04:04:00,0.010241887055562155,1.0
3,2024-10-17 04:09:35,0.04163126869349831,1.0
3,2024-10-17 04:14:28,4.072460146661886,2.5
3,2024-10-17 04:19:00,2.769408450250976,2.0
3,2024-10-17 04:24:00,0.0,0.5
3,2024-10-17 04:29:00,0.0,0.5
3,2024-10-17 04:34:52,1.523763440126169,1.5
3,2024-10-17 04:39:33,4.218647808906128,2.5
3,2024-10-17 04:44:00,2.91304566607109,2.0
3,2024-10-17 04:49:41,2.9403014623647916,2.0
3,2024-10-17 04:54:00,0.0,0.0
3,2024-10-17 04:59:00,0.0,0.5
3,2024-10-17 05:04:00,0.0,0.0
3,2024-10-17 05:09:00,0.0,0.5
3,2024-10-17 05:14:00,0.0,0.0
3,2024-10-17 05:19:00,0.0,0.0
3,2024-10-17 05:24:13,4.429762279493543,2.5
3,2024-10-17 05:29:00,0.47580162842009166,1.0
3,2024-10-17 05:34:00,0.499230409932568,1.0
3,2024-10-17 05:39:00,0.0,0.0
3,2024-10-17 05:44:00,0.5338451799604312,1.0
3,2024-10-17 05:49:00,0.0,0.5
3,2024-10-17 05:54:53,1.9225599730158618,1.5
3,2024-10-17 05:59:00,1.944168545878163,1.5
3,2024-10-17 06:04:20,0.6321025659274948,1.0
3,2024-10-17 06:09:00,0.0,0.0
3,2024-10-17 06:14:00,1.9958642286945032,1.5
3,2024-10-17 06:19:23,0.0,0.5
3,2024-10-17 06:24:00,0.0,0.5
3,2024-10-17 06:29:00,0.0,0.5
3,2024-10-17 06:34:00,0.0,0.5
3,2024-10-17 06:39:04,2.1053306449859326,1.5
3,2024-10-17 06:44:07,4.790777191766127,2.5
3,2024-10-17 06:49:10,2.1426072509819574,1.5
3,2024-10-17 06:54:58,8.827493151448783,4.0
3,2024-10-17 06:59:20,6.178773747834709,3.0
3,2024-10-17 07:04:17,4.863121091510362,2.5
3,2024-10-17 07:09:43,8.880540434585601,4.0
3,2024-10-17 07:14:54,16.89770356714134,7.0
3,2024-10-17 07:19:33,20.914615487661344,8.5
3,2024-10-17 07:24:32,8.93128107333759,4.0
3,2024-10-17 07:29:20,6.281038416916665,3.0
3,2024-10-17 07:34:33,8.963892163432297,4.0
3,2024-10-17 07:39:54,10.31318018015015,4.5
3,2024-10-17 07:44:00,4.995573559746669,2.5
3,2024-10-17 07:49:29,2.344409956706632,1.5
3,2024-10-17 07:54:06,7.693026923623576,3.5
3,2024-10-17 07:59:42,11.708095247404016,5.0
3,2024-10-17 08:04:48,7.722952285376635,3.5
3,2024-10-17 08:09:00,3.737601967974013,2.0
3,2024-10-17 08:14:00,2.418714801334968,1.5
3,2024-10-17 08:19:49,5.0996278698163255,2.5
3,2024-10-17 08:24:00,0.0,0.0
3,2024-10-17 08:29:24,5.116424844076484,2.5
3,2024-10-17 08:34:00,2.474538053402068,1.5
3,2024-10-17 08:39:00,1.1546878872106259,1.0
3,2024-10-17 08:44:04,1.1679888003891894,1.0
3,2024-10-17 08:49:00,0.0,0.5
3,2024-10-17 08:54:00,0.0,0.5
3,2024-10-17 08:59:00,0.0,0.0
3,2024-10-17 09:04:00,0.0,0.0
3,2024-10-17 09:09:00,0.0,0.5
3,2024-10-17 09:14:00,2.5774783341312446,1.5
3,2024-10-17 09:19:34,1.2562577107677608,1.0
3,2024-10-17 09:24:00,0.0,0.0
3,2024-10-17 09:29:00,0.0,0.0
3,2024-10-17 09:34:49,2.602769591355599,1.5
3,2024-10-17 09:39:00,0.0,0.0
3,2024-10-17 09:44:00,0.0,0.5
3,2024-10-17 09:49:00,1.3257088485812605,1.0
3,2024-10-17 09:54:00,0.0034373905247372014,0.5
3,2024-10-17 09:59:00,0.014359193023283368,0.5
3,2024-10-17 10:04:00,0.0,0.0
3,2024-10-17 10:09:00,0.0,0.0
3,2024-10-17 10:14:00,0.0,0.0
3,2024-10-17 10:19:04,0.02335869136353234,0.5
3,2024-10-17 10:24:00,0.0,0.0
3,2024-10-17 10:29:00,0.0,0.0
3,2024-10-17 10:34:00,0.0,0.0
3,2024-10-17 10:39:00,0.0,0.0
3,2024-10-17 10:44:00,0.0,0.0
3,2024-10-17 10:49:00,0.060812116453886254,0.5
3,2024-10-17 10:54:00,0.0,0.0
3,2024-10-17 10:59:00,0.12419397573607918,0.5
3,2024-10-17 11:04:00,0.14460340103809402,0.5
3,2024-10-17 11:09:00,0.15379053258960754,0.5
3,2024-10-17 11:14:00,0.0,0.0
3,2024-10-17 11:19:00,0.0,0.0
3,2024-10-17 11:24:00,0.15848008332001542,0.5
3,2024-10-17 11:29:00,0.0,0.0
3,2024-10-17 11:34:00,0.0,0.0
3,2024-10-17 11:39:00,0.0,0.0
3,2024-10-17 11:44:00,0.0,0.0
3,2024-10-17 11:49:00,0.0,0.0
3,2024-10-17 11:54:00,0.0,0.0
3,2024-10-17 11:59:00,0.0,0.0
3,2024-10-17 12:04:38,0.17021395985272747,0.5
3,2024-10-17 12:09:00,0.0,0.0
3,2024-10-17 12:14:00,0.2527522445250341,0.5
3,2024-10-17 12:19:00,0.0,0.0
3,2024-10-17 12:24:00,0.0,0.0
3,2024-10-17 12:29:00,0.0,0.0
3,2024-10-17 12:34:45,1.5945447172095821,1.0
3,2024-10-17 12:39:00,0.0,0.0
3,2024-10-17 12:44:00,0.0,0.0
3,2024-10-17 12:49:28,0.294445353467306,0.5
4,2024-10-17 11:34:00,0.0,0.0
4,2024-10-17 11:39:00,0.0,0.0
4,2024-10-17 11:44:00,0.0,0.0
4,2024-10-17 11:49:00,0.0,0.0
4,2024-10-17 11:54:00,0.0,0.0
4,2024-10-17 11:59:00,0.0,0.0
4,2024-10-17 12:04:38,0.17021395985272747,0.5
4,2024-10-17 12:09:00,0.0,0.0
4,2024-10-17 12:14:00,0.2527522445250341,0.5
4,2024-10-17 12:19:00,0.0,0.0
4,2024-10-17 12:24:00,0.0,0.0
4,2024-10-17 12:29:00,0.0,0.0
4,2024-10-17 12:34:45,1.5945447172095821,1.0
4,2024-10-17 12:39:00,0.0,0.0
4,2024-10-17 12:44:00,0.0,0.0
4,2024-10-17 12:49:28,0.294445353467306,0.5
4,2024-10-17 12:54:57,1.6572126412777906,1.0
4,2024-10-17 12:59:00,4.331011746847653,2.0
4,2024-10-17 13:04:00,0.33806604999934525,0.5
4,2024-10-17 13:09:00,0.0,0.0
4,2024-10-17 13:14:22,1.674166996892712,1.0
4,2024-10-17 13:19:06,5.692104741311654,2.5
4,2024-10-17 13:24:00,0.3655243299910035,0.5
4,2024-10-17 13:29:23,1.7055379308744307,1.0
4,2024-10-17 13:34:00,0.0,0.0
4,2024-10-17 13:39:46,1.7075735248523274,1.0
4,2024-10-17 13:44:00,0.39181976108193517,0.5
4,2024-10-17 13:49:00,0.3982196076720938,0.5
4,2024-10-17 13:54:00,0.0,0.0
4,2024-10-17 13:59:46,1.733039536174837,1.0
4,2024-10-17 14:04:00,0.0,0.0
4,2024-10-17 14:09:00,0.0,0.0
4,2024-10-17 14:14:00,0.40700067884702484,0.5
4,2024-10-17 14:19:00,0.0,0.0
4,2024-10-17 14:24:00,0.0,0.0
4,2024-10-17 14:29:00,0.0,0.0
4,2024-10-17 14:34:00,1.752884716513729,1.0
4,2024-10-17 14:39:00,0.0,0.0
4,2024-10-17 14:44:00,0.45324314080345357,0.5
4,2024-10-17 14:49:00,0.0,0.0
4,2024-10-17 14:54:00,7.1311470904045215,3.0
4,2024-10-17 14:59:45,7.14779170176653,3.0
4,2024-10-17 15:04:00,1.819936123511464,1.0
4,2024-10-17 15:09:13,0.49202554589311553,0.5
4,2024-10-17 15:14:00,0.0,0.0
4,2024-10-17 15:19:00,0.49159786946173517,0.5
4,2024-10-17 15:24:00,0.0,0.0
4,2024-10-17 15:29:00,0.0,0.0
4,2024-10-17 15:34:00,0.0,0.0
4,2024-10-17 15:39:00,0.4901139901739941,0.5
4,2024-10-17 15:44:00,0.0,0.0
4,2024-10-17 15:49:00,0.0,0.0
4,2024-10-17 15:54:00,0.0,0.0
4,2024-10-17 15:59:00,0.0,0.0
4,2024-10-17 16:04:00,0.0,0.0
4,2024-10-17 16:09:01,1.8308416663631217,1.0
4,2024-10-17 16:14:00,0.5578341874230563,0.5
4,2024-10-17 16:19:00,0.0,0.0
4,2024-10-17 16:24:00,0.5561269834757354,0.5
4,2024-10-17 16:29:00,0.0,0.0
4,2024-10-17 16:34:37,3.2320191435945373,1.5
4,2024-10-17 16:39:11,13.914344169025668,5.5
4,2024-10-17 16:44:00,0.5855151495236152,0.5
4,2024-10-17 16:49:00,0.5899770679441326,0.5
4,2024-10-17 16:54:00,0.0,0.0
4,2024-10-17 16:59:00,0.0,0.0
4,2024-10-17 17:04:00,0.0,0.0
4,2024-10-17 17:09:00,0.0,0.0
4,2024-10-17 17:14:00,0.0,0.0
4,2024-10-17 17:19:00,0.5603318298819104,0.5
4,2024-10-17 17:24:00,0.6200669242387343,0.5
4,2024-10-17 17:29:00,0.0,0.0
4,2024-10-17 17:34:00,0.0,0.0
4,2024-10-17 17:39:00,0.0,0.0
4,2024-10-17 17:44:00,0.0,0.0
4,2024-10-17 17:49:00,0.0,0.0
4,2024-10-17 17:54:00,0.5887987961976648,0.5
4,2024-10-17 17:59:00,0.0,0.0
4,2024-10-17 18:04:00,0.0,0.0
4,2024-10-17 18:09:00,0.0,0.0
4,2024-10-17 18:14:00,0.0,0.0
4,2024-10-17 18:19:00,0.0,0.0
4,2024-10-17 18:24:25,3.2784679494965254,1.5
4,2024-10-17 18:29:58,7.337738692360096,3.0
4,2024-10-17 18:34:00,7.341421066787701,3.0
4,2024-10-17 18:39:00,0.6784043466219192,0.5
4,2024-10-17 18:44:00,0.6820222445222957,0.5
4,2024-10-17 18:49:00,2.0189418009504134,1.0
4,2024-10-17 18:54:00,0.6891633842687945,0.5
4,2024-10-17 18:59:03,4.692687357501132,2.0
4,2024-10-17 19:04:00,0.6961807450912942,0.5
4,2024-10-17 19:09:00,0.0,0.0
4,2024-10-17 19:14:00,0.0,0.0
4,2024-10-17 19:19:00,0.0,0.0
4,2024-10-17 19:24:00,0.0,0.0
4,2024-10-17 19:29:00,0.0,0.0
4,2024-10-17 19:34:00,0.0,0.0
4,2024-10-17 19:39:00,0.0,0.0
4,2024-10-17 19:44:00,0.0,0.0
4,2024-10-17 19:49:00,0.0,0.0
4,2024-10-17 19:54:00,0.0,0.0
4,2024-10-17 19:59:00,0.0,0.0
4,2024-10-17 20:04:00,0.0,0.0
4,2024-10-17 20:09:00,0.0,0.0
4,2024-10-17 20:14:00,0.0,0.0
4,2024-10-17 20:19:00,0.0,0.0
4,2024-10-17 20:24:00,0.0,0.0
4,2024-10-17 20:29:00,0.0,0.0
4,2024-10-17 20:34:00,0.0,0.0
4,2024-10-17 20:39:00,0.0,0.0
4,2024-10-17 20:44:00,0.0,0.0
4,2024-10-17 20:49:00,0.0,0.0
4,2024-10-17 20:54:00,0.0,0.0
4,2024-10-17 20:59:00,0.0,0.0
4,2024-10-17 21:04:00,0.0,0.0
4,2024-10-17 21:09:00,0.0,0.0
4,2024-10-17 21:14:00,0.0,0.0
4,2024-10-17 21:19:00,0.0,0.0
4,2024-10-17 21:24:00,0.0,0.0
4,2024-10-17 21:29:00,0.0,0.0
4,2024-10-17 21:34:00,0.0,0.0
4,2024-10-17 21:39:00,0.0,0.0
4,2024-10-17 21:44:00,0.0,0.0
4,2024-10-17 21:49:00,0.0,0.0
4,2024-10-17 21:54:00,0.0,0.0
4,2024-10-17 21:59:00,0.0,0.0
5,2024-10-24 19:44:00,0.0,0.0
5,2024-10-24 19:49:00,0.0,0.0
5,2024-10-24 19:54:00,0.0,0.0
5,2024-10-24 19:59:00,0.7783506928976299,0.5
5,2024-10-24 20:04:00,0.0,0.0
5,2024-10-24 20:09:00,0.0,0.0
5,2024-10-24 20:14:00,0.0,0.0
5,2024-10-24 20:19:00,0.0,0.0
5,2024-10-24 20:24:00,1.1953115314119838,0.5
5,2024-10-24 20:29:00,0.0,0.0
5,2024-10-24 20:34:00,0.0,0.0
5,2024-10-24 20:39:00,1.2232641282015067,0.5
5,2024-10-24 20:44:00,2.5844332341642406,1.0
5,2024-10-24 20:49:00,0.0,0.0
5,2024-10-24 20:54:16,1.237326586922105,0.5
5,2024-10-24 20:59:00,0.0,0.0
5,2024-10-24 21:04:00,0.0,0.0
5,2024-10-24 21:09:00,0.0,0.0
5,2024-10-24 21:14:00,1.2097783117878496,0.5
5,2024-10-24 21:19:00,1.251502013318806,0.5
5,2024-10-24 21:24:00,1.2515589126792885,0.5
5,2024-10-24 21:29:00,1.251615676941024,0.5
5,2024-10-24 21:34:00,1.2516723065063573,0.5
5,2024-10-24 21:39:00,2.585062135111264,1.0
5,2024-10-24 21:44:00,1.2517851631557164,0.5
5,2024-10-24 21:49:25,3.9185080577048836,1.5
5,2024-10-24 21:54:00,7.918564152489409,3.0
5,2024-10-24 21:59:46,2.5852867812387417,1.0
5,2024-10-24 22:04:00,1.2520092776805807,0.5
5,2024-10-24 22:09:00,1.2520649755408304,0.5
5,2024-10-24 22:14:00,1.2521205418778436,0.5
5,2024-10-24 22:19:06,2.5855093104145688,1.0
5,2024-10-24 22:24:00,1.2522312815403207,0.5
5,2024-10-24 22:29:23,9.25228645564117,3.5
5,2024-10-24 22:34:00,3.919008166437384,1.5
5,2024-10-24 22:39:00,1.2523964143120736,0.5
5,2024-10-24 22:44:00,1.2524511996483412,0.5
5,2024-10-24 22:49:12,1.2525058561617304,0.5
5,2024-10-24 22:54:00,0.0,0.0
5,2024-10-24 22:59:00,0.0,0.0
5,2024-10-24 23:04:00,0.0,0.0
5,2024-10-24 23:09:00,1.2110565348932845,0.5
5,2024-10-24 23:14:00,0.0,0.0
5,2024-10-24 23:19:00,0.0,0.0
5,2024-10-24 23:24:00,0.0,0.0
5,2024-10-24 23:29:00,0.0,0.0
5,2024-10-24 23:34:00,0.0,0.0
5,2024-10-24 23:39:00,0.0,0.0
5,2024-10-24 23:44:00,0.0,0.0
5,2024-10-24 23:49:00,0.0,0.0
5,2024-10-24 23:54:00,0.0,0.0
5,2024-10-24 23:59:00,0.0,0.0
5,2024-10-25 00:04:00,0.0,0.0
5,2024-10-25 00:09:00,0.0,0.0
5,2024-10-25 00:14:00,3.739526780942988,1.5
5,2024-10-25 00:19:00,1.2488384415535458,0.5
5,2024-10-25 00:24:00,1.2488907210696694,0.5
5,2024-10-25 00:29:00,0.0,0.0
5,2024-10-25 00:34:00,0.0,0.0
5,2024-10-25 00:39:00,0.0,0.0
5,2024-10-25 00:44:00,0.0,0.0
5,2024-10-25 00:49:00,0.0,0.0
5,2024-10-25 00:54:00,0.0,0.0
5,2024-10-25 00:59:33,3.8048088514744207,1.5
5,2024-10-25 01:04:00,0.0,0.0
5,2024-10-25 01:09:00,0.0,0.0
5,2024-10-25 01:14:00,0.0,0.0
5,2024-10-25 01:19:00,1.193902299561363,0.5
5,2024-10-25 01:24:00,0.0,0.0
5,2024-10-25 01:29:00,0.0,0.0
5,2024-10-25 01:34:00,0.0,0.0
5,2024-10-25 01:39:00,0.0,0.0
5,2024-10-25 01:44:00,0.0,0.0
5,2024-10-25 01:49:00,0.0,0.0
5,2024-10-25 01:54:00,0.0,0.0
5,2024-10-25 01:59:00,1.1202317175530812,0.5
5,2024-10-25 02:04:00,1.2499112627785878,0.5
5,2024-10-25 02:09:00,0.0,0.0
5,2024-10-25 02:14:00,0.0,0.0
5,2024-10-25 02:19:00,0.0,0.0
5,2024-10-25 02:24:00,0.0,0.0
5,2024-10-25 02:29:00,0.0,0.0
5,2024-10-25 02:34:00,0.0,0.0
5,2024-10-25 02:39:35,1.1391463689199115,0.5
5,2024-10-25 02:44:00,2.5836398208866074,1.0
5,2024-10-25 02:49:00,0.0,0.0
5,2024-10-25 02:54:00,0.0,0.0
5,2024-10-25 02:59:00,0.0,0.0
5,2024-10-25 03:04:00,0.0,0.0
5,2024-10-25 03:09:00,0.0,0.0
5,2024-10-25 03:14:00,0.0,0.0
5,2024-10-25 03:19:00,0.0,0.0
5,2024-10-25 03:24:00,0.0,0.0
5,2024-10-25 03:29:00,0.0,0.0
5,2024-10-25 03:34:00,0.0,0.0
5,2024-10-25 03:39:00,0.0,0.0
5,2024-10-25 03:44:00,0.0,0.0
5,2024-10-25 03:49:00,0.0,0.0
5,2024-10-25 03:54:00,0.0,0.0
5,2024-10-25 03:59:00,0.0,0.0
5,2024-10-25 04:04:00,0.0,0.0
5,2024-10-25 04:09:00,0.0,0.0
5,2024-10-25 04:14:00,0.0,0.0
5,2024-10-25 04:19:00,0.0,0.0
5,2024-10-25 04:24:00,0.0,0.0
5,2024-10-25 04:29:00,0.0,0.0
5,2024-10-25 04:34:00,0.0,0.0
5,2024-10-25 04:39:00,0.0,0.0
5,2024-10-25 04:44:00,0.0,0.0
5,2024-10-25 04:49:00,0.0,0.0
5,2024-10-25 04:54:00,0.0,0.0
5,2024-10-25 04:59:00,0.0,0.0
5,2024-10-25 05:04:00,0.0,0.0
5,2024-10-25 05:09:00,0.0,0.0
5,2024-10-25 05:14:00,0.0,0.0
5,2024-10-25 05:19:41,0.6962161313613194,0.5
5,2024-10-25 05:24:10,1.2518172617399144,0.5
5,2024-10-25 05:29:00,1.251862734194457,0.5
5,2024-10-25 05:34:49,1.251908104566509,0.5
5,2024-10-25 05:39:00,0.0,0.0
5,2024-10-25 05:44:00,0.0,0.0
6,2024-10-25 10:44:00,0.0,0.0
6,2024-10-25 10:49:00,0.0,0.0
6,2024-10-25 10:54:00,0.0,0.0
6,2024-10-25 10:59:00,0.0,0.0
6,2024-10-25 11:04:00,0.0,0.0
6,2024-10-25 11:09:00,0.0,0.0
6,2024-10-25 11:14:06,0.9769907488066386,0.5
6,2024-10-25 11:19:14,1.254807490158864,0.5
6,2024-10-25 11:24:00,1.254846369400912,0.5
6,2024-10-25 11:29:00,1.2548851645357204,0.5
6,2024-10-25 11:34:57,1.2549238757862218,0.5
6,2024-10-25 11:39:00,0.0,0.0
6,2024-10-25 11:44:03,2.5698158623423213,1.0
6,2024-10-25 11:49:31,1.2550395084615085,0.5
6,2024-10-25 11:54:00,0.0,0.0
6,2024-10-25 11:59:00,0.0,0.0
6,2024-10-25 12:04:00,1.2181173571322128,0.5
6,2024-10-25 12:09:00,1.2551925244376945,0.5
6,2024-10-25 12:14:00,0.0,0.0
6,2024-10-25 12:19:00,0.0,0.0
6,2024-10-25 12:24:00,0.0,0.0
6,2024-10-25 12:29:00,2.533122004263107,1.0
6,2024-10-25 12:34:00,0.0,0.0
6,2024-10-25 12:39:00,0.0,0.0
6,2024-10-25 12:44:23,1.2184201120505334,0.5
6,2024-10-25 12:49:05,5.255494628444102,2.0
6,2024-10-25 12:54:00,1.2555320273991422,0.5
6,2024-10-25 12:59:00,1.2555693461649975,0.5
6,2024-10-25 13:04:16,1.2556065849527547,0.5
6,2024-10-25 13:09:00,0.0,0.0
6,2024-10-25 13:14:00,0.0,0.0
6,2024-10-25 13:19:00,2.5520141198404067,1.0
6,2024-10-25 13:24:00,5.255754744514711,2.0
6,2024-10-25 13:29:00,2.589124919884722,1.0
6,2024-10-25 13:34:00,0.0,0.0
6,2024-10-25 13:39:00,1.237346516131721,0.5
6,2024-10-25 13:44:55,2.589234974457881,1.0
6,2024-10-25 13:49:30,1.2559381694891754,0.5
6,2024-10-25 13:54:00,0.0,0.0
6,2024-10-25 13:59:00,0.0,0.0
6,2024-10-25 14:04:34,2.552343584257636,1.0
6,2024-10-25 14:09:00,1.2560835059212498,0.5
6,2024-10-25 14:14:00,0.0,0.0
6,2024-10-25 14:19:00,1.237637192238017,0.5
6,2024-10-25 14:24:35,3.922858364699189,1.5
6,2024-10-25 14:29:00,0.0,0.0
6,2024-10-25 14:34:32,1.237744924782384,0.5
6,2024-10-25 14:39:54,5.256299201690647,2.0
6,2024-10-25 14:44:00,0.0,0.0
6,2024-10-25 14:49:57,3.904518639117264,1.5
6,2024-10-25 14:54:04,3.9230726889180056,1.5
6,2024-10-25 14:59:00,2.5897748115576436,1.0
6,2024-10-25 15:04:13,3.923143525749221,1.5
6,2024-10-25 15:09:00,0.0,0.0
6,2024-10-25 15:14:03,1.2380288777149584,0.5
6,2024-10-25 15:19:00,0.0,0.0
6,2024-10-25 15:24:00,1.238099116735484,0.5
6,2024-10-25 15:29:00,2.589985976779248,1.0
6,2024-10-25 15:34:00,1.2566875776824544,0.5
6,2024-10-25 15:39:53,1.2567224381534088,0.5
6,2024-10-25 15:44:00,0.0,0.0
6,2024-10-25 15:49:00,0.0,0.0
6,2024-10-25 15:54:00,1.219789541837879,0.5
6,2024-10-25 15:59:00,0.0,0.0
6,2024-10-25 16:04:00,0.0,0.0
6,2024-10-25 16:09:56,5.2198930254864955,2.0
6,2024-10-25 16:14:00,3.9236310785991657,1.5
6,2024-10-25 16:19:00,0.0,0.0
6,2024-10-25 16:24:00,1.2385143756380075,0.5
6,2024-10-25 16:29:00,0.0,0.0
6,2024-10-25 16:34:00,0.0,0.0
6,2024-10-25 16:39:00,0.0,0.0
6,2024-10-25 16:44:00,0.0,0.0
6,2024-10-25 16:49:00,0.0,0.0
6,2024-10-25 16:54:00,0.0,0.0
6,2024-10-25 16:59:00,1.1461592159524767,0.5
6,2024-10-25 17:04:00,0.0,0.0
6,2024-10-25 17:09:29,6.572152341627335,2.5
6,2024-10-25 17:14:00,5.257371021220074,2.0
6,2024-10-25 17:19:00,0.0,0.0
6,2024-10-25 17:24:00,0.0,0.0
6,2024-10-25 17:29:00,0.0,0.0
6,2024-10-25 17:34:00,1.201948744361007,0.5
6,2024-10-25 17:39:00,0.0,0.0
6,2024-10-25 17:44:00,0.0,0.0
6,2024-10-25 17:49:00,0.0,0.0
6,2024-10-25 17:54:00,0.0,0.0
6,2024-10-25 17:59:00,0.0,0.0
6,2024-10-25 18:04:00,2.4984428813732418,1.0
6,2024-10-25 18:09:00,2.5910682073146583,1.0
6,2024-10-25 18:14:00,0.0,0.0
6,2024-10-25 18:19:00,2.572614951252901,1.0
6,2024-10-25 18:24:00,5.257832665891009,2.0
6,2024-10-25 18:29:09,1.2578651277215618,0.5
6,2024-10-25 18:34:04,1.2578975221020732,0.5
6,2024-10-25 18:39:00,0.0,0.0
6,2024-10-25 18:44:00,1.2394435906721106,0.5
6,2024-10-25 18:49:00,0.0,0.0
6,2024-10-25 18:54:00,0.0,0.0
6,2024-10-25 18:59:00,0.0,0.0
6,2024-10-25 19:04:00,1.2025349258658242,0.5
6,2024-10-25 19:09:00,0.0,0.0
6,2024-10-25 19:14:00,0.0,0.0
6,2024-10-25 19:19:00,1.221149027142358,0.5
6,2024-10-25 19:24:00,1.258217793336791,0.5
6,2024-10-25 19:29:00,0.0,0.0
6,2024-10-25 19:34:00,1.2397625364820215,0.5
6,2024-10-25 19:39:00,0.0,0.0
6,2024-10-25 19:44:00,1.2398255370396811,0.5
6,2024-10-25 19:49:00,1.2583754583310367,0.5
6,2024-10-25 19:54:38,5.258406796316876,2.0
6,2024-10-25 19:59:00,6.591771403011296,2.5
6,2024-10-25 20:04:00,3.925135945242612,1.5
6,2024-10-25 20:09:00,2.5918337565052165,1.0
6,2024-10-25 20:14:00,1.2585315036265365,0.5
6,2024-10-25 20:19:00,1.2585625201000743,0.5
6,2024-10-25 20:24:00,1.2585934727517754,0.5
6,2024-10-25 20:29:00,1.2586243617418076,0.5
6,2024-10-25 20:34:00,1.2586551872273792,0.5
6,2024-10-25 20:39:04,1.2586859493677698,0.5
6,2024-10-25 20:44:00,0.0,0.0
6,2024-10-25 20:49:00,0.0,0.0
6,2024-10-25 20:54:00,1.221740820254058,0.5
6,2024-10-25 20:59:00,2.5921417009558967,1.0
6,2024-10-25 21:04:00,1.258838815391609,0.5
6,2024-10-25 21:09:00,1.2588692007545754,0.5
6,2024-10-25 21:14:00,2.592232857199043,1.0
6,2024-10-25 21:19:00,0.0,0.0
6,2024-10-25 21:24:00,1.2404414654321183,0.5
6,2024-10-25 21:29:00,0.0,0.0
6,2024-10-25 21:34:00,1.2405016783574307,0.5
6,2024-10-25 21:39:00,1.2590502110357096,0.5
6,2024-10-25 21:44:00,1.2590801638628912,0.5
6,2024-10-25 21:49:00,2.592443388842717,1.0
6,2024-10-25 21:54:00,3.925806552793139,1.5
6,2024-10-25 21:59:00,0.0,0.0
6,2024-10-25 22:04:00,0.0,0.0
6,2024-10-25 22:09:00,0.0,0.0
6,2024-10-25 22:14:00,3.870369712414797,1.5
6,2024-10-25 22:19:37,5.2592881290226545,2.0
6,2024-10-25 22:24:00,1.259317596609244,0.5
6,2024-10-25 22:29:00,3.926013670877896,1.5
6,2024-10-25 22:34:38,2.5927096853090763,1.0
6,2024-10-25 22:39:16,1.2594056400505222,0.5
6,2024-10-25 22:44:00,1.259434868581229,0.5
6,2024-10-25 22:49:00,0.0,0.0
6,2024-10-25 22:54:00,1.2409746290783878,0.5
6,2024-10-25 22:59:00,0.0,0.0
6,2024-10-25 23:04:00,0.0,0.0
6,2024-10-25 23:09:00,0.0,0.0
6,2024-10-25 23:14:00,0.0,0.0
6,2024-10-25 23:19:00,0.0,0.0
6,2024-10-25 23:24:00,0.0,0.0
6,2024-10-25 23:29:00,0.0,0.0
6,2024-10-25 23:34:00,0.0,0.0
6,2024-10-25 23:39:00,0.0,0.0
6,2024-10-25 23:44:00,0.0,0.0
6,2024-10-25 23:49:00,0.0,0.0
6,2024-10-25 23:54:00,0.0,0.0
6,2024-10-25 23:59:00,0.0,0.0
6,2024-10-26 00:04:00,0.0,0.0
6,2024-10-26 00:09:00,0.0,0.0
6,2024-10-26 00:14:00,0.0,0.0
6,2024-10-26 00:19:00,0.0,0.0
6,2024-10-26 00:24:00,0.0,0.0
6,2024-10-26 00:29:00,0.0,0.0
6,2024-10-26 00:34:00,0.0,0.0
6,2024-10-26 00:39:00,0.0,0.0
6,2024-10-26 00:44:00,0.0,0.0
6,2024-10-26 00:49:00,0.0,0.0
6,2024-10-26 00:54:17,0.9768410471815426,0.5
6,2024-10-26 00:59:00,0.0,0.0
6,2024-10-26 01:04:00,1.2676370816848692,0.5
6,2024-10-26 01:09:00,0.0,0.0
6,2024-10-26 01:14:00,0.0,0.0
6,2024-10-26 01:19:50,1.2621640510187548,0.5
6,2024-10-26 01:24:00,1.2733025600931702,0.5
6,2024-10-26 01:29:00,0.0,0.0
6,2024-10-26 01:34:56,1.2678016357619004,0.5
7,2024-10-26 02:49:00,0.0,0.0
7,2024-10-26 02:54:10,1.2626753435556564,0.5
7,2024-10-26 02:59:00,0.0,0.0
7,2024-10-26 03:04:00,0.0,0.0
7,2024-10-26 03:09:00,1.2627543150350862,0.5
7,2024-10-26 03:14:00,1.2738916453170306,0.5
7,2024-10-26 03:19:00,0.0,0.0
7,2024-10-26 03:24:00,0.0,0.0
7,2024-10-26 03:29:00,0.0,0.0
7,2024-10-26 03:34:41,1.2573293353724444,0.5
7,2024-10-26 03:39:00,0.0,0.0
7,2024-10-26 03:44:40,1.2684923145963218,0.5
7,2024-10-26 03:49:28,3.940740393742851,1.5
7,2024-10-26 03:54:00,1.2740995327410465,0.5
7,2024-10-26 03:59:00,1.2741252872693343,0.5
7,2024-10-26 04:04:00,3.9408176574482106,1.5
7,2024-10-26 04:09:55,2.6075099767317957,1.0
7,2024-10-26 04:14:00,2.6075355785742196,1.0
7,2024-10-26 04:19:00,1.2742277964290134,0.5
7,2024-10-26 04:24:00,1.2742532970830462,0.5
7,2024-10-26 04:29:00,2.607612080655334,1.0
7,2024-10-26 04:34:00,1.2743041472648893,0.5
7,2024-10-26 04:39:58,2.607662830364362,1.0
7,2024-10-26 04:44:00,0.0,0.0
7,2024-10-26 04:49:56,2.6021578242839314,1.0
7,2024-10-26 04:54:00,0.0,0.0
7,2024-10-26 04:59:00,1.268874841135063,0.5
7,2024-10-26 05:04:00,0.0,0.0
7,2024-10-26 05:09:00,1.2689249929670834,0.5
7,2024-10-26 05:14:38,2.607838883681768,1.0
7,2024-10-26 05:19:00,1.274530502935689,0.5
7,2024-10-26 05:24:00,0.0,0.0
7,2024-10-26 05:29:00,1.2690247053008807,0.5
7,2024-10-26 05:34:18,3.941271733087522,1.5
7,2024-10-26 05:39:00,1.2746298232076958,0.5
7,2024-10-26 05:44:48,3.941321197997875,1.5
7,2024-10-26 05:49:00,3.9413458575724793,1.5
7,2024-10-26 05:54:00,0.0,0.0
7,2024-10-26 05:59:00,0.0,0.0
7,2024-10-26 06:04:00,1.2636417683609864,0.5
7,2024-10-26 06:09:00,1.2747773459853562,0.5
7,2024-10-26 06:14:00,1.2748017645150729,0.5
7,2024-10-26 06:19:00,2.6081594685073797,1.0
7,2024-10-26 06:24:00,1.2748504580738875,0.5
7,2024-10-26 06:29:17,1.2748747333256223,0.5
7,2024-10-26 06:34:00,1.2748989610405677,0.5
7,2024-10-26 06:39:51,2.6082564746636727,1.0
7,2024-10-26 06:44:00,1.2749472743050678,0.5
7,2024-10-26 06:49:00,1.2749713600745949,0.5
7,2024-10-26 06:54:00,1.2749953987496454,0.5
7,2024-10-26 06:59:00,2.6083527237728,1.0
7,2024-10-26 07:04:25,2.6083766685866356,1.0
7,2024-10-26 07:09:00,1.2750672333004716,0.5
7,2024-10-26 07:14:00,1.2750910846894836,0.5
7,2024-10-26 07:19:37,2.608448222862029,1.0
7,2024-10-26 07:24:30,1.275138647926018,0.5
7,2024-10-26 07:29:00,0.0,0.0
7,2024-10-26 07:34:00,1.26963047027151,0.5
7,2024-10-26 07:39:45,5.2752096455451385,2.0
7,2024-10-26 07:44:40,5.275233219250719,2.0
7,2024-10-26 07:49:45,3.941923413717537,1.5
7,2024-10-26 07:54:00,2.6086135623848428,1.0
7,2024-10-26 07:59:00,0.0,0.0
7,2024-10-26 08:04:36,1.2697715005218029,0.5
7,2024-10-26 08:09:00,0.0,0.0
7,2024-10-26 08:14:00,0.0,0.0
7,2024-10-26 08:19:00,0.0,0.0
7,2024-10-26 08:24:00,0.0,0.0
7,2024-10-26 08:29:00,0.0,0.0
7,2024-10-26 08:34:00,0.0,0.0
7,2024-10-26 08:39:00,0.0,0.0
7,2024-10-26 08:44:00,1.2366236643616504,0.5
7,2024-10-26 08:49:00,1.2755355383852565,0.5
7,2024-10-26 08:54:00,0.0,0.0
7,2024-10-26 08:59:38,3.9366924862260047,1.5
7,2024-10-26 09:04:00,1.2756042269150836,0.5
7,2024-10-26 09:09:00,1.275627034473814,0.5
7,2024-10-26 09:14:18,3.942316464559781,1.5
7,2024-10-26 09:19:12,3.942339183941416,1.5
7,2024-10-26 09:24:00,1.275695192719158,0.5
7,2024-10-26 09:29:00,1.2757178243274492,0.5
7,2024-10-26 09:34:00,0.0,0.0
7,2024-10-26 09:39:00,0.0,0.0
7,2024-10-26 09:44:00,0.0,0.0
7,2024-10-26 09:49:00,0.0,0.0
7,2024-10-26 09:54:00,0.0,0.0
7,2024-10-26 09:59:00,0.0,0.0
7,2024-10-26 10:04:00,0.0,0.0
7,2024-10-26 10:09:00,0.0,0.0
7,2024-10-26 10:14:00,0.0,0.0
7,2024-10-26 10:19:00,0.0,0.0
7,2024-10-26 10:24:00,0.0,0.0
7,2024-10-26 10:29:00,1.2148749095762432,0.5
7,2024-10-26 10:34:00,0.0,0.0
7,2024-10-26 10:39:00,0.0,0.0
7,2024-10-26 10:44:00,0.0,0.0
7,2024-10-26 10:49:30,1.259407382786885,0.5
7,2024-10-26 10:54:09,3.942762617656248,1.5
7,2024-10-26 10:59:00,1.276117810455224,0.5
7,2024-10-26 11:04:00,0.0,0.0
7,2024-10-26 11:09:00,0.0,0.0
7,2024-10-26 11:14:00,1.265072026274942,0.5
7,2024-10-26 11:19:00,1.2762048295241375,0.5
7,2024-10-26 11:24:39,3.942893146733499,1.5
7,2024-10-26 11:29:00,1.2762480891088668,0.5
7,2024-10-26 11:34:00,0.0,0.0
7,2024-10-26 11:39:28,3.9374022941776796,1.5
7,2024-10-26 11:44:00,1.2763126681688182,0.5
7,2024-10-26 11:49:00,1.2763341121452647,0.5
7,2024-10-26 11:54:00,1.2763555150877939,0.5
7,2024-10-26 11:59:00,0.0,0.0
7,2024-10-26 12:04:00,0.0,0.0
7,2024-10-26 12:09:00,1.2653083675287686,0.5
7,2024-10-26 12:14:00,0.0,0.0
7,2024-10-26 12:19:00,0.0,0.0
7,2024-10-26 12:24:00,0.0,0.0
7,2024-10-26 12:29:00,1.25983752783565,0.5
7,2024-10-26 12:34:00,0.0,0.0
7,2024-10-26 12:39:00,0.0,0.0
7,2024-10-26 12:44:00,0.0,0.0
7,2024-10-26 12:49:00,0.0,0.0
7,2024-10-26 12:54:00,0.0,0.0
7,2024-10-26 12:59:00,0.0,0.0
7,2024-10-26 13:04:00,0.0,0.0
7,2024-10-26 13:09:00,0.0,0.0
7,2024-10-26 13:14:00,0.0,0.0
7,2024-10-26 13:19:00,0.0,0.0
7,2024-10-26 13:24:00,0.0,0.0
7,2024-10-26 13:29:00,0.0,0.0
7,2024-10-26 13:34:00,0.0,0.0
7,2024-10-26 13:39:00,0.0,0.0
7,2024-10-26 13:44:00,0.0,0.0
7,2024-10-26 13:49:00,0.0,0.0
7,2024-10-26 13:54:00,0.0,0.0
7,2024-10-26 13:59:00,0.0,0.0
7,2024-10-26 14:04:00,0.0,0.0
7,2024-10-26 14:09:00,0.0,0.0
7,2024-10-26 14:14:00,0.0,0.0
7,2024-10-26 14:19:00,0.0,0.0
7,2024-10-26 14:24:00,0.0,0.0
7,2024-10-26 14:29:00,0.0,0.0
7,2024-10-26 14:34:00,0.0,0.0
7,2024-10-26 14:39:00,0.0,0.0
8,2024-10-26 15:19:00,1.2771988192072925,0.5
8,2024-10-26 15:24:00,1.2772185794055109,0.5
8,2024-10-26 15:29:00,1.277238302336133,0.5
8,2024-10-26 15:34:00,1.2772579880819073,0.5
8,2024-10-26 15:39:00,0.0,0.0
8,2024-10-26 15:44:00,1.2717416927912801,0.5
8,2024-10-26 15:49:00,1.2773168230300798,0.5
8,2024-10-26 15:54:00,1.2773363608562516,0.5
8,2024-10-26 15:59:00,1.2773558619059155,0.5
8,2024-10-26 16:04:16,1.2773753262610061,0.5
8,2024-10-26 16:09:00,0.0,0.0
8,2024-10-26 16:14:00,1.2718585896550245,0.5
8,2024-10-26 16:19:52,2.610766833299379,1.0
8,2024-10-26 16:24:26,1.2774528183493081,0.5
8,2024-10-26 16:29:00,1.277472100440195,0.5
8,2024-10-26 16:34:00,1.2774913463185673,0.5
8,2024-10-26 16:39:00,1.2775105560646576,0.5
8,2024-10-26 16:44:00,1.277529729756921,0.5
8,2024-10-26 16:49:00,1.277548867475664,0.5
8,2024-10-26 16:54:00,0.0,0.0
8,2024-10-26 16:59:00,1.272031479750746,0.5
8,2024-10-26 17:04:00,0.0,0.0
8,2024-10-26 17:09:00,0.0,0.0
8,2024-10-26 17:14:00,1.2665329081043748,0.5
8,2024-10-26 17:19:00,0.0,0.0
8,2024-10-26 17:24:00,0.0,0.0
8,2024-10-26 17:29:00,1.2665895724842298,0.5
8,2024-10-26 17:34:00,0.0,0.0
8,2024-10-26 17:39:00,0.0,0.0
8,2024-10-26 17:44:00,0.0,0.0
8,2024-10-26 17:49:00,1.2611090760078862,0.5
8,2024-10-26 17:54:00,2.6111277531784736,1.0
8,2024-10-26 17:59:00,1.2778130621290777,0.5
8,2024-10-26 18:04:00,0.0,0.0
8,2024-10-26 18:09:00,1.272294686785876,0.5
8,2024-10-26 18:14:00,1.2778687804215019,0.5
8,2024-10-26 18:19:00,0.0,0.0
8,2024-10-26 18:24:00,1.2723501973512057,0.5
8,2024-10-26 18:29:00,1.2779241874629015,0.5
8,2024-10-26 18:34:00,1.2779425876609334,0.5
8,2024-10-26 18:39:00,0.0,0.0
8,2024-10-26 18:44:00,1.2724237297266534,0.5
8,2024-10-26 18:49:51,2.611330916187926,1.0
8,2024-10-26 18:54:00,1.2780158463664057,0.5
8,2024-10-26 18:59:06,5.278034075892743,2.0
8,2024-10-26 19:04:13,3.9447189381730157,1.5
8,2024-10-26 19:09:00,1.2780704332813198,0.5
8,2024-10-26 19:14:00,1.2780885612909318,0.5
8,2024-10-26 19:19:00,0.0,0.0
8,2024-10-26 19:24:00,0.0,0.0
8,2024-10-26 19:29:20,1.2670316323476112,0.5
8,2024-10-26 19:34:00,1.2781607371369723,0.5
8,2024-10-26 19:39:00,1.2781786974137936,0.5
8,2024-10-26 19:44:00,1.2781966243616456,0.5
8,2024-10-26 19:49:00,2.6115478513859536,1.0
8,2024-10-26 19:54:34,2.6115657118919167,1.0
8,2024-10-26 19:59:20,1.2782502059508853,0.5
8,2024-10-26 20:04:00,2.611601333634509,1.0
8,2024-10-26 20:09:00,2.6116190950144316,1.0
8,2024-10-26 20:14:46,2.6116368234944494,1.0
8,2024-10-26 20:19:00,2.6116545191462075,1.0
8,2024-10-26 20:24:46,3.945005515373208,1.5
8,2024-10-26 20:29:46,3.9450231455795404,1.5
8,2024-10-26 20:34:00,2.6117074098362574,1.0
8,2024-10-26 20:39:08,2.6117249748790115,1.0
8,2024-10-26 20:44:08,1.2784091741121866,0.5
8,2024-10-26 20:49:00,1.2784266742714343,0.5
8,2024-10-26 20:54:00,0.0,0.0
8,2024-10-26 20:59:00,1.2729060220929937,0.5
8,2024-10-26 21:04:00,1.2784789810049713,0.5
8,2024-10-26 21:09:00,2.611829685565059,1.0
8,2024-10-26 21:14:00,1.2785136913982718,0.5
8,2024-10-26 21:19:00,2.6118643319068546,1.0
8,2024-10-26 21:24:00,1.2785482738255638,0.5
8,2024-10-26 21:29:00,0.0,0.0
8,2024-10-26 21:34:00,0.0,0.0
8,2024-10-26 21:39:00,0.0,0.0
8,2024-10-26 21:44:00,1.2619503903031533,0.5
8,2024-10-26 21:49:00,1.2786341736298703,0.5
8,2024-10-26 21:54:00,0.0,0.0
8,2024-10-26 21:59:00,0.0,0.0
8,2024-10-26 22:04:00,0.0,0.0
8,2024-10-26 22:09:00,0.0,0.0
8,2024-10-26 22:14:00,0.0,0.0
8,2024-10-26 22:19:00,1.2509584363434487,0.5
8,2024-10-26 22:24:00,0.0,0.0
8,2024-10-26 22:29:00,0.0,0.0
8,2024-10-26 22:34:00,0.0,0.0
8,2024-10-26 22:39:00,1.2621369512837433,0.5
8,2024-10-26 22:44:00,1.2788203916194174,0.5
8,2024-10-26 22:49:00,1.2788371345046439,0.5
8,2024-10-26 22:54:00,0.0,0.0
8,2024-10-26 22:59:00,1.2733149726307236,0.5
8,2024-10-26 23:04:00,0.0,0.0
8,2024-10-26 23:09:00,0.0,0.0
8,2024-10-26 23:14:00,0.0,0.0
8,2024-10-26 23:19:00,0.0,0.0
8,2024-10-26 23:24:00,0.0,0.0
8,2024-10-26 23:29:00,0.0,0.0
8,2024-10-26 23:34:00,0.0,0.0
8,2024-10-26 23:39:00,0.0,0.0
8,2024-10-26 23:44:00,1.234574848685055,0.5
8,2024-10-26 23:49:35,1.2790356716706104,0.5
8,2024-10-26 23:54:00,0.0,0.0
8,2024-10-26 23:59:00,0.0,0.0
8,2024-10-27 00:04:00,1.2670475908376961,0.5
8,2024-10-27 00:09:00,0.0,0.0
8,2024-10-27 00:14:00,0.0,0.0
8,2024-10-27 00:19:00,0.0,0.0
9,2024-10-27 01:39:00,0.0,0.0
9,2024-10-27 01:44:00,0.0,0.0
9,2024-10-27 01:49:00,0.0,0.0
9,2024-10-27 01:54:00,0.0,0.0
9,2024-10-27 01:59:00,0.0,0.0
9,2024-10-27 02:04:00,0.0,0.0
9,2024-10-27 02:09:00,0.0,0.0
9,2024-10-27 02:14:00,0.0,0.0
9,2024-10-27 02:19:00,0.0,0.0
9,2024-10-27 02:24:00,0.0,0.0
9,2024-10-27 02:29:00,0.0,0.0
9,2024-10-27 02:34:00,0.0,0.0
9,2024-10-27 02:39:00,2.501797353125612,1.0
9,2024-10-27 02:44:00,0.0,0.0
9,2024-10-27 02:49:00,0.0,0.0
9,2024-10-27 02:54:00,0.0,0.0
9,2024-10-27 02:59:55,1.2592660623026812,0.5
9,2024-10-27 03:04:31,1.2787257629265358,0.5
9,2024-10-27 03:09:00,0.0,0.0
9,2024-10-27 03:14:00,0.0,0.0
9,2024-10-27 03:19:00,0.0,0.0
9,2024-10-27 03:24:00,0.0,0.0
9,2024-10-27 03:29:00,0.0,0.0
9,2024-10-27 03:34:00,0.0,0.0
9,2024-10-27 03:39:00,0.0,0.0
9,2024-10-27 03:44:00,1.2334764535656775,0.5
9,2024-10-27 03:49:00,0.0,0.0
9,2024-10-27 03:54:00,0.0,0.0
9,2024-10-27 03:59:00,0.0,0.0
9,2024-10-27 04:04:00,0.0,0.0
9,2024-10-27 04:09:00,0.0,0.0
9,2024-10-27 04:14:00,0.0,0.0
9,2024-10-27 04:19:00,0.0,0.0
9,2024-10-27 04:24:13,3.900262444593109,1.5
9,2024-10-27 04:29:00,1.2789809431628847,0.5
9,2024-10-27 04:34:00,0.0,0.0
9,2024-10-27 04:39:00,1.2725289715698938,0.5
9,2024-10-27 04:44:00,0.0,0.0
9,2024-10-27 04:49:00,0.0,0.0
9,2024-10-27 04:54:00,2.5994248894699963,1.0
9,2024-10-27 04:59:00,1.2790691549922073,0.5
9,2024-10-27 05:04:00,0.0,0.0
9,2024-10-27 05:09:00,0.0,0.0
9,2024-10-27 05:14:00,0.0,0.0
9,2024-10-27 05:19:00,0.0,0.0
9,2024-10-27 05:24:00,0.0,0.0
9,2024-10-27 05:29:00,0.0,0.0
9,2024-10-27 05:34:00,0.0,0.0
9,2024-10-27 05:39:00,0.0,0.0
9,2024-10-27 05:44:00,0.0,0.0
9,2024-10-27 05:49:00,1.2208807427360007,0.5
9,2024-10-27 05:54:00,0.0,0.0
9,2024-10-27 05:59:00,0.0,0.0
9,2024-10-27 06:04:00,0.0,0.0
9,2024-10-27 06:09:00,0.0,0.0
9,2024-10-27 06:14:00,0.0,0.0
9,2024-10-27 06:19:00,0.0,0.0
9,2024-10-27 06:24:00,0.0,0.0
9,2024-10-27 06:29:00,0.0,0.0
9,2024-10-27 06:34:00,0.0,0.0
9,2024-10-27 06:39:00,1.2210230868923144,0.5
9,2024-10-27 06:44:00,0.0,0.0
9,2024-10-27 06:49:00,1.272903102973677,0.5
9,2024-10-27 06:54:00,2.612731962165086,1.0
9,2024-10-27 06:59:00,0.0,0.0
9,2024-10-27 07:04:00,0.0,0.0
9,2024-10-27 07:09:00,0.0,0.0
9,2024-10-27 07:14:00,0.0,0.0
9,2024-10-27 07:19:00,0.0,0.0
9,2024-10-27 07:24:00,0.0,0.0
9,2024-10-27 07:29:00,0.0,0.0
9,2024-10-27 07:34:00,0.0,0.0
9,2024-10-27 07:39:00,0.0,0.0
9,2024-10-27 07:44:00,0.0,0.0
9,2024-10-27 07:49:00,0.0,0.0
9,2024-10-27 07:54:00,0.0,0.0
9,2024-10-27 07:59:00,1.201801163282168,0.5
9,2024-10-27 08:04:00,0.0,0.0
9,2024-10-27 08:09:00,0.0,0.0
9,2024-10-27 08:14:00,0.0,0.0
9,2024-10-27 08:19:00,0.0,0.0
9,2024-10-27 08:24:00,0.0,0.0
9,2024-10-27 08:29:00,0.0,0.0
9,2024-10-27 08:34:00,0.0,0.0
9,2024-10-27 08:39:00,0.0,0.0
9,2024-10-27 08:44:00,0.0,0.0
9,2024-10-27 08:49:00,0.0,0.0
9,2024-10-27 08:54:00,0.0,0.0
9,2024-10-27 08:59:00,0.0,0.0
9,2024-10-27 09:04:00,0.0,0.0
9,2024-10-27 09:09:00,0.0,0.0
9,2024-10-27 09:14:00,0.0,0.0
9,2024-10-27 09:19:00,0.0,0.0
9,2024-10-27 09:24:00,0.0,0.0
9,2024-10-27 09:29:00,0.0,0.0
9,2024-10-27 09:34:00,1.1631684092965333,0.5
9,2024-10-27 09:39:00,0.0,0.0
9,2024-10-27 09:44:00,0.0,0.0
9,2024-10-27 09:49:00,0.0,0.0
9,2024-10-27 09:54:00,0.0,0.0
10,2024-10-27 10:59:40,1.2735755631862282,0.5
10,2024-10-27 11:04:00,1.2800698949733864,0.5
10,2024-10-27 11:09:00,0.0,0.0
10,2024-10-27 11:14:00,0.0,0.0
10,2024-10-27 11:19:00,0.0,0.0
10,2024-10-27 11:24:00,0.0,0.0
10,2024-10-27 11:29:00,0.0,0.0
10,2024-10-27 11:34:00,0.0,0.0
10,2024-10-27 11:39:00,0.0,0.0
10,2024-10-27 11:44:00,0.0,0.0
10,2024-10-27 11:49:00,0.0,0.0
10,2024-10-27 11:54:00,1.2218638251541385,0.5
10,2024-10-27 11:59:00,2.613543095207597,1.0
10,2024-10-27 12:04:00,1.2802223430823378,0.5
10,2024-10-27 12:09:00,1.2802349021561188,0.5
10,2024-10-27 12:14:00,0.0,0.0
10,2024-10-27 12:19:00,0.0,0.0
10,2024-10-27 12:24:00,0.0,0.0
10,2024-10-27 12:29:00,0.0,0.0
10,2024-10-27 12:34:00,0.0,0.0
10,2024-10-27 12:39:00,0.0,0.0
10,2024-10-27 12:44:00,0.0,0.0
10,2024-10-27 12:49:00,0.0,0.0
10,2024-10-27 12:54:00,0.0,0.0
10,2024-10-27 12:59:00,0.0,0.0
10,2024-10-27 13:04:00,0.0,0.0
10,2024-10-27 13:09:00,0.0,0.0
10,2024-10-27 13:14:00,0.0,0.0
10,2024-10-27 13:19:00,1.1961491703627036,0.5
10,2024-10-27 13:24:00,0.0,0.0
10,2024-10-27 13:29:00,0.0,0.0
10,2024-10-27 13:34:00,0.0,0.0
10,2024-10-27 13:39:00,0.0,0.0
10,2024-10-27 13:44:00,0.0,0.0
10,2024-10-27 13:49:00,0.0,0.0
10,2024-10-27 13:54:00,0.0,0.0
10,2024-10-27 13:59:00,0.0,0.0
10,2024-10-27 14:04:00,0.0,0.0
10,2024-10-27 14:09:00,0.0,0.0
10,2024-10-27 14:14:00,0.0,0.0
10,2024-10-27 14:19:00,0.0,0.0
10,2024-10-27 14:24:00,0.0,0.0
10,2024-10-27 14:29:00,0.0,0.0
10,2024-10-27 14:34:00,0.0,0.0
10,2024-10-27 14:39:00,0.0,0.0
10,2024-10-27 14:44:00,0.0,0.0
10,2024-10-27 14:49:00,0.0,0.0
10,2024-10-27 14:54:00,0.0,0.0
10,2024-10-27 14:59:00,0.0,0.0
10,2024-10-27 15:04:00,0.0,0.0
10,2024-10-27 15:09:00,0.0,0.0
11,2024-10-27 23:14:00,0.0,0.0
11,2024-10-27 23:19:00,0.0,0.0
11,2024-10-27 23:24:00,0.0,0.0
11,2024-10-27 23:29:00,0.0,0.0
11,2024-10-27 23:34:00,0.0,0.0
11,2024-10-27 23:39:00,1.074366643847672,0.5
11,2024-10-27 23:44:00,0.0,0.0
11,2024-10-27 23:49:00,0.0,0.0
11,2024-10-27 23:54:00,0.0,0.0
11,2024-10-27 23:59:00,0.0,0.0
11,2024-10-28 00:04:00,0.0,0.0
11,2024-10-28 00:09:00,0.0,0.0
11,2024-10-28 00:14:00,2.570731675336206,1.0
11,2024-10-28 00:19:00,0.0,0.0
11,2024-10-28 00:24:00,0.0,0.0
11,2024-10-28 00:29:00,1.263353475409031,0.5
11,2024-10-28 00:34:00,0.0,0.0
11,2024-10-28 00:39:00,0.0,0.0
11,2024-10-28 00:44:00,0.0,0.0
11,2024-10-28 00:49:00,0.0,0.0
11,2024-10-28 00:54:00,0.0,0.0
11,2024-10-28 00:59:00,0.0,0.0
11,2024-10-28 01:04:00,0.0,0.0
11,2024-10-28 01:09:00,0.0,0.0
11,2024-10-28 01:14:00,0.0,0.0
11,2024-10-28 01:19:00,0.0,0.0
11,2024-10-28 01:24:00,0.0,0.0
11,2024-10-28 01:29:00,0.0,0.0
11,2024-10-28 01:34:00,0.0,0.0
11,2024-10-28 01:39:00,0.0,0.0
11,2024-10-28 01:44:00,0.0,0.0
11,2024-10-28 01:49:00,0.0,0.0
11,2024-10-28 01:54:00,0.0,0.0
11,2024-10-28 01:59:00,0.0,0.0
11,2024-10-28 02:04:00,0.0,0.0
11,2024-10-28 02:09:00,0.0,0.0
11,2024-10-28 02:14:00,0.0,0.0
11,2024-10-28 02:19:00,0.0,0.0
11,2024-10-28 02:24:00,0.0,0.0
11,2024-10-28 02:29:00,0.0,0.0
11,2024-10-28 02:34:00,0.0,0.0
11,2024-10-28 02:39:00,0.0,0.0
11,2024-10-28 02:44:00,0.0,0.0
11,2024-10-28 02:49:00,0.0,0.0
11,2024-10-28 02:54:00,0.0,0.0
11,2024-10-28 02:59:00,0.0,0.0
11,2024-10-28 03:04:00,0.0,0.0
11,2024-10-28 03:09:00,0.0,0.0
11,2024-10-28 03:14:00,0.0,0.0
12,2024-11-21 10:19:00,0.0,0.0
12,2024-11-21 10:24:00,0.0,0.0
12,2024-11-21 10:29:00,0.0,0.0
12,2024-11-21 10:34:00,0.0,0.0
12,2024-11-21 10:39:00,0.0,0.0
12,2024-11-21 10:44:00,0.0,0.0
12,2024-11-21 10:49:00,0.0,0.5
12,2024-11-21 10:54:00,0.0,0.0
12,2024-11-21 10:59:00,0.0,0.5
12,2024-11-21 11:04:19,0.0,0.5
12,2024-11-21 11:09:00,0.0,0.0
12,2024-11-21 11:14:00,0.6916526182075093,0.5
12,2024-11-21 11:19:00,1.2851711369608794,0.5
12,2024-11-21 11:24:28,1.2851711371995034,0.5
12,2024-11-21 11:29:10,1.285171137436943,0.5
12,2024-11-21 11:34:00,0.0,0.0
12,2024-11-21 11:39:00,0.0,0.0
12,2024-11-21 11:44:08,2.5999859529632166,1.0
12,2024-11-21 11:49:00,0.0,0.0
12,2024-11-21 11:54:00,1.275911879361639,0.5
12,2024-11-21 11:59:00,1.2851711388565483,0.5
12,2024-11-21 12:04:00,1.2851711390919156,0.5
12,2024-11-21 12:09:00,0.0,0.0
12,2024-11-21 12:14:34,2.6092452136358504,1.0
12,2024-11-21 12:19:00,1.2851711397959449,0.5
12,2024-11-21 12:24:00,1.285171140029832,0.5
12,2024-11-21 12:29:00,1.285171140263423,0.5
12,2024-11-21 12:34:42,2.6185044738303485,1.0
12,2024-11-21 12:39:10,1.2851711407297166,0.5
12,2024-11-21 12:44:00,1.2851711409624194,0.5
12,2024-11-21 12:49:00,1.28517114119453,0.5
12,2024-11-21 12:54:00,1.2851711414263445,0.5
12,2024-11-21 12:59:00,1.285171141658159,0.5
12,2024-11-21 13:04:00,1.2851711418890854,0.5
12,2024-11-21 13:09:00,1.2851711421203078,0.5
12,2024-11-21 13:14:00,1.2851711423506422,0.5
12,2024-11-21 13:19:00,1.2851711425806804,0.5
12,2024-11-21 13:24:00,1.2851711428104224,0.5
12,2024-11-21 13:29:00,1.2851711430398687,0.5
12,2024-11-21 13:34:28,2.618504476602649,1.0
12,2024-11-21 13:39:00,0.0,0.0
12,2024-11-21 13:44:00,1.2759118844671846,0.5
12,2024-11-21 13:49:00,0.0,0.0
12,2024-11-21 13:54:00,0.0,0.0
12,2024-11-21 13:59:00,1.266652625891244,0.5
12,2024-11-21 14:04:00,0.0,0.0
12,2024-11-21 14:09:00,1.275911885604645,0.5
12,2024-11-21 14:14:00,0.0,0.0
12,2024-11-21 14:19:00,1.275911886057024,0.5
12,2024-11-21 14:24:00,0.0,0.0
12,2024-11-21 14:29:00,0.0,0.0
12,2024-11-21 14:34:00,1.266652627473978,0.5
12,2024-11-21 14:39:40,1.285171146217475,0.5
12,2024-11-21 14:44:00,0.0,0.0
12,2024-11-21 14:49:00,0.0,0.0
12,2024-11-21 14:54:00,1.2666526283713342,0.5
12,2024-11-21 14:59:00,1.285171147113055,0.5
12,2024-11-21 15:04:00,1.2851711473362837,0.5
12,2024-11-21 15:09:00,1.2851711475589205,0.5
12,2024-11-21 15:14:00,0.0,0.0
12,2024-11-21 15:19:00,1.27591188874406,0.5
12,2024-11-21 15:24:00,0.0,0.0
12,2024-11-21 15:29:00,1.2759118891875567,0.5
12,2024-11-21 15:34:00,0.0,0.0
12,2024-11-21 15:39:00,1.2759118896292776,0.5
12,2024-11-21 15:44:00,0.0,0.0
12,2024-11-21 15:49:00,0.0,0.0
12,2024-11-21 15:54:00,1.2666526310305404,0.5
12,2024-11-21 15:59:00,0.0,0.0
12,2024-11-21 16:04:00,0.0,0.0
12,2024-11-21 16:09:00,1.2666526316877924,0.5
12,2024-11-21 16:14:31,1.2851711504250722,0.5
12,2024-11-21 16:19:00,0.0,0.0
12,2024-11-21 16:24:43,1.2759118916016259,0.5
12,2024-11-21 16:29:00,0.0,0.0
12,2024-11-21 16:34:00,1.2759118920365373,0.5
12,2024-11-21 16:39:00,0.0,0.0
12,2024-11-21 16:44:46,1.2759118924699682,0.5
12,2024-11-21 16:49:00,0.0,0.0
12,2024-11-21 16:54:00,1.275911892902215,0.5
12,2024-11-21 16:59:00,0.0,0.0
12,2024-11-21 17:04:00,0.0,0.0
12,2024-11-21 17:09:00,1.266652634288675,0.5
12,2024-11-21 17:14:00,0.0,0.0
12,2024-11-21 17:19:00,0.0,0.0
12,2024-11-21 17:24:00,1.266652634931716,0.5
12,2024-11-21 17:29:00,0.0,0.0
12,2024-11-21 17:34:00,0.0,0.0
12,2024-11-21 17:39:00,0.0,0.0
12,2024-11-21 17:44:00,1.2573933765251215,0.5
12,2024-11-21 17:49:00,0.0,0.0
12,2024-11-21 17:54:00,0.0,0.0
12,2024-11-21 17:59:00,1.266652636420599,0.5
12,2024-11-21 18:04:00,1.2851711551507736,0.5
12,2024-11-21 18:09:45,1.2851711553621599,0.5
12,2024-11-21 18:14:00,0.0,0.0
12,2024-11-21 18:19:56,2.6092452298572453,1.0
12,2024-11-21 18:24:00,0.0,0.0
12,2024-11-21 18:29:00,1.275911896944315,0.5
12,2024-11-21 18:34:00,0.0,0.0
12,2024-11-21 18:39:00,1.2759118973632393,0.5
12,2024-11-21 18:44:00,0.0,0.0
12,2024-11-21 18:49:00,0.0,0.0
12,2024-11-21 18:54:00,0.0,0.0
12,2024-11-21 18:59:00,0.0,0.0
12,2024-11-21 19:04:00,0.0,0.0
12,2024-11-21 19:09:00,0.0,0.0
12,2024-11-21 19:14:00,0.0,0.0
12,2024-11-21 19:19:00,0.0,0.0
12,2024-11-21 19:24:00,0.0,0.0
12,2024-11-21 19:29:00,0.0,0.0
12,2024-11-21 19:34:00,0.0,0.0
12,2024-11-21 19:39:00,0.0,0.0
12,2024-11-21 19:44:00,0.0,0.0
12,2024-11-21 19:49:00,0.0,0.0
12,2024-11-21 19:54:00,0.0,0.0
12,2024-11-21 19:59:00,0.0,0.0
12,2024-11-21 20:04:00,0.0,0.0
12,2024-11-21 20:09:00,0.0,0.0
12,2024-11-21 20:14:00,0.0,0.0
12,2024-11-21 20:19:00,0.0,0.0
12,2024-11-21 20:24:00,0.0,0.0
12,2024-11-21 20:29:00,0.0,0.0
12,2024-11-21 20:34:00,0.0,0.0
12,2024-11-21 20:39:00,0.0,0.0
12,2024-11-21 20:44:00,0.0,0.0
12,2024-11-21 20:49:00,0.0,0.0
12,2024-11-21 20:54:00,0.0,0.0
12,2024-11-21 20:59:00,0.0,0.0
12,2024-11-21 21:04:00,0.0,0.0
12,2024-11-21 21:09:00,0.0,0.0
12,2024-11-21 21:14:00,0.0,0.0
12,2024-11-21 21:19:00,0.0,0.0
13,2024-11-24 23:19:00,0.0,0.0
13,2024-11-24 23:24:52,1.2194305207761473,0.5
13,2024-11-24 23:29:00,0.0,0.0
13,2024-11-24 23:34:00,1.2444305208824482,0.5
13,2024-11-24 23:39:00,0.0,0.0
13,2024-11-24 23:44:00,1.2444305209881417,0.5
13,2024-11-24 23:49:00,0.0,0.0
13,2024-11-24 23:54:00,1.2444305210941309,0.5
13,2024-11-24 23:59:00,0.0,0.0
13,2024-11-25 00:04:00,0.0,0.0
13,2024-11-25 00:09:00,1.2583194101405404,0.5
13,2024-11-25 00:14:00,0.0,0.0
13,2024-11-25 00:19:00,1.2833194102453611,0.5
13,2024-11-25 00:24:00,0.0,0.0
13,2024-11-25 00:29:00,1.2833194103495742,0.5
13,2024-11-25 00:34:00,0.0,0.0
13,2024-11-25 00:39:00,1.283319410454083,0.5
13,2024-11-25 00:44:00,0.0,0.0
13,2024-11-25 00:49:00,0.0,0.0
13,2024-11-25 00:54:00,0.0,0.0
13,2024-11-25 00:59:00,0.0,0.0
13,2024-11-25 01:04:00,0.0,0.0
13,2024-11-25 01:09:00,1.2610971885424298,0.5
13,2024-11-25 01:14:41,1.2888749663717558,0.5
13,2024-11-25 01:19:00,0.0,0.0
13,2024-11-25 01:24:00,0.0,0.0
13,2024-11-25 01:29:00,0.0,0.0
13,2024-11-25 01:34:25,1.272208299910223,0.5
13,2024-11-25 01:39:00,0.0,0.0
13,2024-11-25 01:44:00,0.0,0.0
13,2024-11-25 01:49:00,0.0,0.0
13,2024-11-25 01:54:00,1.2722083001142082,0.5
13,2024-11-25 01:59:00,0.0,0.0
13,2024-11-25 02:04:00,1.2833194113271624,0.5
13,2024-11-25 02:09:00,0.0,0.0
13,2024-11-25 02:14:00,1.2833194114284148,0.5
13,2024-11-25 02:19:00,0.0,0.0
13,2024-11-25 02:24:52,1.2833194115293711,0.5
13,2024-11-25 02:29:00,1.2888749671355892,0.5
13,2024-11-25 02:34:00,0.0,0.0
13,2024-11-25 02:39:00,1.2833194116803615,0.5
13,2024-11-25 02:44:00,1.2888749672859874,0.5
13,2024-11-25 02:49:49,1.2888749673360216,0.5
13,2024-11-25 02:54:00,0.0,0.0
13,2024-11-25 02:59:00,1.2833194118802016,0.5
13,2024-11-25 03:04:00,0.0,0.0
13,2024-11-25 03:09:00,0.0,0.0
13,2024-11-25 03:14:51,1.2777638564741935,0.5
13,2024-11-25 03:19:00,0.0,0.0
13,2024-11-25 03:24:00,0.0,0.0
13,2024-11-25 03:29:00,0.0,0.0
13,2024-11-25 03:34:00,1.2722083011166656,0.5
13,2024-11-25 03:39:00,0.0,0.0
13,2024-11-25 03:44:00,0.0,0.0
13,2024-11-25 03:49:00,0.0,0.0
13,2024-11-25 03:54:00,1.2722083013135452,0.5
13,2024-11-25 03:59:00,0.0,0.0
13,2024-11-25 04:04:00,0.0,0.0
13,2024-11-25 04:09:00,1.2777638570159826,0.5
13,2024-11-25 04:14:00,0.0,0.0
13,2024-11-25 04:19:00,0.0,0.0
13,2024-11-25 04:24:00,0.0,0.0
13,2024-11-25 04:29:00,1.2722083016551977,0.5
13,2024-11-25 04:34:00,0.0,0.0
13,2024-11-25 04:39:00,0.0,0.0
13,2024-11-25 04:44:00,1.277763857356155,0.5
13,2024-11-25 04:49:00,0.0,0.0
13,2024-11-25 04:54:00,0.0,0.0
13,2024-11-25 04:59:00,0.0,0.0
13,2024-11-25 05:04:00,0.0,0.0
13,2024-11-25 05:09:00,1.2666527464859634,0.5
13,2024-11-25 05:14:00,0.0,0.0
13,2024-11-25 05:19:00,0.0,0.0
13,2024-11-25 05:24:00,1.2777638577407362,0.5
13,2024-11-25 05:29:00,0.0,0.0
13,2024-11-25 05:34:00,0.0,0.0
13,2024-11-25 05:39:00,0.0,0.0
13,2024-11-25 05:44:00,0.0,0.0
13,2024-11-25 05:49:00,1.2666527468675841,0.5
13,2024-11-25 05:54:00,0.0,0.0
13,2024-11-25 05:59:00,0.0,0.0
14,2024-11-25 10:49:00,0.0,0.0
14,2024-11-25 10:54:00,1.2555416385225577,0.5
14,2024-11-25 10:59:00,0.0,0.0
14,2024-11-25 11:04:00,0.0,0.0
14,2024-11-25 11:09:00,1.2777638608742297,0.5
14,2024-11-25 11:14:00,0.0,0.0
14,2024-11-25 11:19:00,0.0,0.0
14,2024-11-25 11:24:00,0.0,0.0
14,2024-11-25 11:29:00,0.0,0.0
14,2024-11-25 11:34:00,0.0,0.0
14,2024-11-25 11:39:00,0.0,0.0
14,2024-11-25 11:44:00,1.2555416389522143,0.5
14,2024-11-25 11:49:46,1.2888749723281023,0.5
14,2024-11-25 11:54:00,0.0,0.0
14,2024-11-25 11:59:00,0.0,0.0
14,2024-11-25 12:04:00,0.0,0.0
14,2024-11-25 12:09:00,1.2722083058314126,0.5
14,2024-11-25 12:14:00,0.0,0.0
14,2024-11-25 12:19:00,1.2833194170271955,0.5
14,2024-11-25 12:24:00,0.0,0.0
14,2024-11-25 12:29:00,0.0,0.0
14,2024-11-25 12:34:00,0.0,0.0
14,2024-11-25 12:39:00,0.0,0.0
14,2024-11-25 12:44:00,0.0,0.0
14,2024-11-25 12:49:00,1.2610971950572183,0.5
14,2024-11-25 12:54:00,0.0,0.0
14,2024-11-25 12:59:00,1.283319417362927,0.5
14,2024-11-25 13:04:00,0.0,0.0
14,2024-11-25 13:09:00,0.0,0.0
14,2024-11-25 13:14:00,0.0,0.0
14,2024-11-25 13:19:00,1.2722083064184986,0.5
14,2024-11-25 13:24:00,0.0,0.0
14,2024-11-25 13:29:00,1.2833194176125051,0.5
14,2024-11-25 13:34:00,0.0,0.0
14,2024-11-25 13:39:00,0.0,0.0
14,2024-11-25 13:44:00,0.0,0.0
14,2024-11-25 13:49:00,1.2722083066663004,0.5
14,2024-11-25 13:54:00,0.0,0.0
14,2024-11-25 13:59:54,1.2833194178597147,0.5
14,2024-11-25 14:04:00,0.0,0.0
14,2024-11-25 14:09:00,0.0,0.0
14,2024-11-25 14:14:00,0.0,0.0
14,2024-11-25 14:19:00,0.0,0.0
14,2024-11-25 14:24:00,0.0,0.0
14,2024-11-25 14:29:00,1.26109719588204,0.5
14,2024-11-25 14:34:00,1.2888749737007081,0.5
14,2024-11-25 14:39:00,0.0,0.0
14,2024-11-25 14:44:00,1.2833194182259402,0.5
14,2024-11-25 14:49:00,0.0,0.0
14,2024-11-25 14:54:34,1.2833194183070606,0.5
14,2024-11-25 14:59:00,0.0,0.0
14,2024-11-25 15:04:00,1.2833194183872927,0.5
14,2024-11-25 15:09:25,1.2888749739831489,0.5
14,2024-11-25 15:14:00,0.0,0.0
14,2024-11-25 15:19:00,1.283319418507789,0.5
14,2024-11-25 15:24:00,1.2888749741032748,0.5
14,2024-11-25 15:29:00,0.0,0.0
14,2024-11-25 15:34:00,0.0,0.0
14,2024-11-25 15:39:00,1.277763863111847,0.5
14,2024-11-25 15:44:00,0.0,0.0
14,2024-11-25 15:49:00,0.0,0.0
14,2024-11-25 15:54:00,0.0,0.0
14,2024-11-25 15:59:00,0.0,0.0
14,2024-11-25 16:04:00,0.0,0.0
14,2024-11-25 16:09:13,1.261097196682881,0.5
14,2024-11-25 16:14:00,0.0,0.0
14,2024-11-25 16:19:00,0.0,0.0
14,2024-11-25 16:24:00,1.2777638634676367,0.5
14,2024-11-25 16:29:00,0.0,0.0
14,2024-11-25 16:34:00,0.0,0.0
14,2024-11-25 16:39:00,1.2777638635852462,0.5
14,2024-11-25 16:44:00,0.0,0.0
14,2024-11-25 16:49:00,1.283319419218628,0.5
14,2024-11-25 16:54:00,0.0,0.0
14,2024-11-25 16:59:00,1.2833194192967874,0.5
14,2024-11-25 17:04:00,1.2888749748911632,0.5
14,2024-11-25 17:09:00,0.0,0.0
14,2024-11-25 17:14:00,1.2833194194128428,0.5
14,2024-11-25 17:19:00,0.0,0.0
14,2024-11-25 17:24:00,1.2833194194904103,0.5
14,2024-11-25 17:29:19,1.288874975084194,0.5
14,2024-11-25 17:34:00,0.0,0.0
14,2024-11-25 17:39:00,0.0,0.0
14,2024-11-25 17:44:00,1.2777638640888433,0.5
14,2024-11-25 17:49:00,1.2888749752377748,0.5
14,2024-11-25 17:54:36,1.2888749752762625,0.5
14,2024-11-25 17:59:00,0.0,0.0
14,2024-11-25 18:04:00,1.283319419796832,0.5
14,2024-11-25 18:09:00,0.0,0.0
14,2024-11-25 18:14:00,1.2833194198732152,0.5
14,2024-11-25 18:19:45,1.2888749754666289,0.5
14,2024-11-25 18:24:00,0.0,0.0
14,2024-11-25 18:29:00,1.283319419986902,0.5
14,2024-11-25 18:34:00,0.0,0.0
14,2024-11-25 18:39:00,1.2833194200626932,0.5
14,2024-11-25 18:44:00,0.0,0.0
14,2024-11-25 18:49:00,0.0,0.0
14,2024-11-25 18:54:00,0.0,0.0
14,2024-11-25 18:59:00,1.2722083091016856,0.5
14,2024-11-25 19:04:00,0.0,0.0
14,2024-11-25 19:09:00,0.0,0.0
14,2024-11-25 19:14:00,1.277763864769484,0.5
14,2024-11-25 19:19:00,1.2888749759178235,0.5
14,2024-11-25 19:24:00,1.288874975955127,0.5
14,2024-11-25 19:29:00,1.2888749759924305,0.5
14,2024-11-25 19:34:00,1.2888749760294378,0.5
14,2024-11-25 19:39:00,1.2888749760667413,0.5
14,2024-11-25 19:44:00,1.2888749761034528,0.5
14,2024-11-25 19:49:00,1.28887497614046,0.5
14,2024-11-25 19:54:00,1.2888749761777636,0.5
14,2024-11-25 19:59:59,1.288874976214475,0.5
14,2024-11-25 20:04:03,1.2888749762511864,0.5
14,2024-11-25 20:09:00,2.6222083096212323,1.0
14,2024-11-25 20:14:36,5.288874976324613,2.0
14,2024-11-25 20:19:53,5.288874976361028,2.0
14,2024-11-25 20:24:56,5.288874976398035,2.0
14,2024-11-25 20:29:00,1.2888749764344474,0.5
14,2024-11-25 20:34:22,2.622208309804197,1.0
14,2024-11-25 20:39:23,1.288874976507352,0.5
14,2024-11-25 20:44:00,1.2888749765437673,0.5
14,2024-11-25 20:49:00,1.2888749765801826,0.5
14,2024-11-25 20:54:00,0.0,0.0
14,2024-11-25 20:59:00,0.0,0.0
14,2024-11-25 21:04:00,0.0,0.0
14,2024-11-25 21:09:00,0.0,0.0
14,2024-11-25 21:14:00,0.0,0.0
14,2024-11-25 21:19:00,1.2610971990190865,0.5
14,2024-11-25 21:24:00,0.0,0.0
14,2024-11-25 21:29:00,0.0,0.0
14,2024-11-25 21:34:00,0.0,0.0
14,2024-11-25 21:39:00,0.0,0.0
14,2024-11-25 21:44:00,0.0,0.0
14,2024-11-25 21:49:00,0.0,0.0
14,2024-11-25 21:54:00,0.0,0.0
14,2024-11-25 21:59:00,0.0,0.0
14,2024-11-25 22:04:00,0.0,0.0
14,2024-11-25 22:09:00,0.0,0.0
14,2024-11-25 22:14:00,0.0,0.0
14,2024-11-25 22:19:00,0.0,0.0
14,2024-11-25 22:24:00,0.0,0.0
14,2024-11-25 22:29:00,0.0,0.0
14,2024-11-25 22:34:00,0.0,0.0
14,2024-11-25 22:39:00,0.0,0.0
14,2024-11-25 22:44:00,0.0,0.0
14,2024-11-25 22:49:00,0.0,0.0
14,2024-11-25 22:54:00,0.0,0.0
14,2024-11-25 22:59:00,0.0,0.0
14,2024-11-25 23:04:00,0.0,0.0
14,2024-11-25 23:09:00,0.0,0.0
14,2024-11-25 23:14:00,0.0,0.0
14,2024-11-25 23:19:00,0.0,0.0
14,2024-11-25 23:24:00,0.0,0.0
14,2024-11-25 23:29:00,0.0,0.0
14,2024-11-25 23:34:00,0.0,0.0
14,2024-11-25 23:39:00,0.0,0.0
14,2024-11-25 23:44:00,0.0,0.0
14,2024-11-25 23:49:00,0.0,0.0
